"Index","Justice Name","Supreme Court Term Start","Supreme Court Term End","Appointing President","Notable Opinion(s)"
"1","Jackson, Ketanji Brown(Associate Justice)","June 30, 2022","--","Biden, Joseph R.","Chinn v. Shoop, No. 22-508 (U.S. Nov. 7, 2022) (dissenting)"
"2","Coney Barrett, Amy(Associate Justice)","October 27, 2020","--","Trump, Donald J.","Fulton v. City of Philadelphia, No. 19-123 (U.S. June 17, 2021) (concurring);Nance v. Ward, No. 21-439 (U.S. June 23, 2022) (dissenting)"
"3","Kavanaugh, Brett M.(Associate Justice)","October 6, 2017","--","Trump, Donald J.","Barr v. American Association of Political Consultants, No. 19-631 (U.S. July 6, 2020);Jones v. Mississippi, No. 18-1259 (U.S. Apr. 22, 2021);Edwards v. Vannoy, No. 19-5807 (U.S. May 17, 2021);TransUnion LLC v. Ramirez, No. 20-297 (U.S. June 25, 2021);Dobbs v. Jackson Women's Health Organization, No. 199-1392 (U.S. June 24, 2022) (concurring);Oklahoma v. Castro-Huerta, No. 21-429 (U.S. June 29, 2022)"
"4","Gorsuch, Neil M.(Associate Justice)","April 10, 2017","--","Trump, Donald J.","Oil States Energy Services, LLC v. Greene’s Energy Group, LLC, No. 16-712 (U.S. Apr. 24, 2018) (dissenting);Ramos v. Louisiana, No. 18-5924 (U.S. Apr. 20, 2020);McGirt v. Oklahoma, No. 18-9526 (U.S. July 9, 2020);Texas v. New Mexico, No. 65, Orig. (U.S. Dec. 14, 2020);Kennedy v. Bremerton School District, No. 21-418 (U.S. June 27, 2022);Oklahoma v. Castro-Huerta, No. 21-429 (U.S. June 29, 2022) (dissenting);West Virginia v. EPA, No. 20-1530 (U.S. June 30, 2022) (concurring)"
"5","Kagan, Elena(Associate Justice)","August 7, 2010","--","Obama, Barack H.","Miller v. Alabama, 567 U.S. 460 (2012);Lucia v. SEC, No. 17-130 (U.S. June 21, 2018);Gundy v. United States, No. 17-6086 (U.S. June 20, 2019);Seila Law LLC v. CFBP, No. 19-7 (U.S. June 29, 2020) (concurring and dissenting in part);Chiafalo v. Washington, No. 19-465 (U.S. July 6, 2020);Dobbs v. Jackson Women's Health Organization, No. 199-1392 (U.S. June 24, 2022) (dissenting);West Virginia v. EPA, No. 20-1530 (U.S. June 30, 2022) (dissenting)"
"6","Sotomayor, Sonia(Associate Justice)","August 8, 2009","--","Obama, Barack H.","Jesner v. Arab Bank PLC, No. 16-499 (U.S. Apr. 24, 2018) (dissenting);Collins v. Virginia, No. 16-1027 (U.S. May 29, 2018);Herrera v. Wyoming, No. 17-532 (U.S. May 20, 2019);Nestlé USA v. Doe, Nos. 19-416, 19-453 (U.S. June 17, 2021) (concurring in part and concurring in the judgment);Whole Women’s Health v. Jackson, No. 21A24 (U.S. Sept. 1, 2021) (dissenting);Hemphill v. New York, No. 20-637 (U.S. Jan. 20, 2022);Dobbs v. Jackson Women's Health Organization, No. 199-1392 (U.S. June 24, 2022) (dissenting);Kennedy v. Bremerton School District, No. 21-418 (U.S. June 27, 2022) (dissenting)"
"7","Alito, Samuel A.(Associate Justice)","January 31, 2006","--","Bush, George W.","McDonald v. City of Chicago, 561 U.S. 742 (2010);Spokeo, Incorporated v. Robins, 578 U.S. 330 (2016);Murphy v. NCAA, No. 16-476 (U.S. May 14, 2018);Janus v. American Federation of State, County, and Municipal Employees, No. 16-1466 (U.S. June 27, 2018);American Legion v. American Humanist Association, No. 17-1717 (U.S. June 20, 2019);Fulton v. City of Philadelphia, No. 19-123 (U.S. June 17, 2021) (concurring);Collins v. Yellen, Nos. 19-422, 19-563 (U.S. June 23, 2021);Dobbs v. Jackson Women's Health Organization, No. 199-1392 (U.S. June 24, 2022)"
"8","Roberts, John G.(Chief Justice)","September 29, 2005","--","Bush, George W.","Parents Involved in Community Schools v. Seattle School District No. 1, 551 U.S. 701 (2007);National Federation of Independent Business v. Sebelius, 567 U.S. 519 (2012);Bond v. United States, 572 U.S. 844 (2014);Trinity Lutheran Church of Columbia, Incorporated v. Comer, No. 15-577 (U.S. June 26, 2017);Jesner v. Arab Bank PLC, No. 16-499 (U.S. Apr. 24, 2018);United States v. Arthrex, Incorporated, No. 19-1434 (U.S. June 21, 2021);Cedar Point Nursery v. Hassid, No. 20-107 (U.S. June 23, 2021);Americans for Prosperity Foundation v. Bonta, No. 19-251 (U.S. July 1, 2021);Carson v. Makin, No. 20-1088 (U.S. June 21, 2022);West Virginia v. EPA, No. 20-1530 (U.S. June 30, 2022)"
"9","Thomas, Clarence(Associate Justice)","October 23, 1991","--","Bush, George H. W.","Northeastern Florida Chapter of Associated General Contractors of America v. City of Jacksonville, 508 U.S. 656 (1993);United States v. Lopez, 514 U.S. 549 (1995) (concurring);U.S. Term Limits, Incorporated v. Thornton, 514 U.S. 779 (1995) (dissenting);Missouri v. Jenkins, 515 U.S. 70 (1995) (concurring);Kansas v. Hendricks, 521 U.S. 346 (1997);Hunt v. Cromartie, 526 U.S. 541 (1999);Good News Club v. Milford Central School, 533 U.S. 98 (2001);McDonald v. City of Chicago, 561 U.S. 742 (2010) (concurring);Reed v. Town of Gilbert, 576 U.S. 155 (2015);Oil States Energy Services, LLC v. Greene’s Energy Group, LLC, No. 16-712 (U.S. Apr. 24, 2018);National Institute of Family and Life Advocates v. Becerra, No. 16-1140 (U.S. June 26, 2018);Chiafalo v. Washington, No. 19-465 (U.S. July 6, 2020) (concurring);Uzuegbunam v. Preczewski, No. 19-968 (U.S. Mar. 8, 2021);Caniglia v. Strom, No. 20-157 (U.S. May 17, 2021);New York State Rifle & Pistol Ass’n v. Bruen, No. 20-843 (U.S. June 23, 2022);Dobbs v. Jackson Women's Health Organization, No. 199-1392 (U.S. June 24, 2022) (concurring)"
"10","Breyer, Stephen G.(Associate Justice)","August 3, 1994","June 30, 2022","Clinton, William J.","Stenberg v. Carhart, 530 U.S. 914 (2000);Easley v. Cromartie, 532 U.S. 234 (2001);Zadvydas v. Davis, 533 U.S. 678 (2001);McConnell v. FEC, 540 U.S. 93 (2003);Sell v. United States, 539 U.S. 166 (2003);Stogner v. California, 539 U.S. 607 (2003);United States v. Booker, 543 U.S. 220 (2005);Shurtleff v. Boston, No. 20-1800 (U.S. May 2, 2022);Dobbs v. Jackson Women's Health Organization, No. 199-1392 (U.S. June 24, 2022) (dissenting)"
"11","Ginsburg, Ruth Bader(Associate Justice)","August 10, 1993","September 18, 2020","Clinton, William J.","United States v. Virginia, 518 U.S. 515 (1996);M.L.B. v. S.L.J., 519 U.S. 102 (1996);Babbitt v. Youpee, 519 U.S. 234 (1997);Buckley v. American Constitutional Law Foundation, Incorporated, 525 U.S. 182 (1999);Ring v. Arizona, 536 U.S. 584 (2002);Eldred v. Ashcroft, 537 U.S. 186 (2003);Christian Legal Society Chapter of University of California, Hastings College of the Law v. Martinez, 561 U.S. 661 (2010);Moore v. Texas, No. 15-797 (U.S. Mar. 28, 2017)"
"12","Souter, David H.(Associate Justice)","October 9, 1990","June 29, 2009","Bush, George H. W.","Farmer v. Brennan, 511 U.S. 825 (1994);Foster v. Love, 522 U.S. 67 (1997);Hurley v. Irish-American Gay, Lesbian and Bisexual Group of Boston, 515 U.S. 557 (1995);County of Sacramento v. Lewis, 523 U.S. 833 (1998);Nixon v. Shrink Missouri Government PAC, 528 U.S. 377 (2000);McCreary City. v. American Civil Liberties Union of Kentucky, 545 U.S. 844 (2005)"
"13","Kennedy, Anthony M.(Associate Justice)","February 18, 1988","July 31, 2018","Reagan, Ronald W.","Ward v. Rock Against Racism, 491 U.S. 781 (1989);Lee v. Weisman, 505 U.S. 577 (1992);Romer v. Evans, 517 U.S. 620 (1996);City of Boerne v. Flores, 521 U.S. 507 (1997);Legal Services Corp. v. Velazquez, 531 U.S. 533 (2001);Tuan Anh Nguyen v. INS, 533 U.S. 53 (2001);Lawrence v. Texas, 539 U.S. 558 (2003);Garcetti v. Ceballos, 547 U.S. 410 (2006);Gonzales v. Carhart, 550 U.S. 124 (2007);Boumediene v. Bush, 553 U.S. 723 (2008);Citizens United v. FEC, 558 U.S. 310 (2010)"
"14","Scalia, Antonin(Associate Justice)","September 26, 1986","February 13, 2016","Reagan, Ronald W.","Employment Division v. Smith, 494 U.S. 872 (1990);Lujan v. National Wildlife Federation, 497 U.S. 871 (1990);Wilson v. Seiter, 501 U.S. 294 (1991);R.A.V. v. City of St. Paul, 505 U.S. 377 (1992);Bray v. Alexandria Women's Health Clinic, 506 U.S. 263 (1993);Printz v. United States, 521 U.S. 898 (1997);Republican Party of Minnesota v. White, 536 U.S. 765 (2002);Crawford v. Washington, 541 U.S. 36 (2004);Blakely v. Washington, 542 U.S. 296 (2004);District of Columbia v. Heller, 554 U.S. 570 (2008)"
"15","Rehnquist, William H.(Chief Justice)","September 26, 1986","September 3, 2005","Reagan, Ronald W.","Dames and Moore v. Regan, 453 U.S. 654 (1981);South Dakota v. Dole, 483 U.S. 203 (1987);Hustler Magazine, Incorporated v. Falwell, 485 U.S 46 (1988);Cruzan by Cruzan v. Director, Missouri Deptartment of Health, 497 U.S. 261 (1990);Rust v. Sullivan, 500 U.S. 173 (1991)"
"16","O'Connor, Sandra Day(Associate Justice)","September 25, 1981","January 31, 2006","Reagan, Ronald W.","Mississippi University for Women v. Hogan, 458 U.S. 718 (1982);Turner v. Safley, 482 U.S. 78 (1987);Frisby v. Schultz, 487 U.S. 474 (1988);New York v. United States, 505 U.S. 144 (1992);Planned Parenthood of Southeastern Pennsylvania v. Casey, 505 U.S. 833 (1992) (joint opinion);Shaw v. Reno, 509 U.S. 630 (1993);Adarand Constructors, Incorporated v. Pena, 515 U.S. 200 (1995);Virginia v. Black, 538 U.S. 343 (2003);Grutter v. Bollinger, 539 U.S. 306 (2003);Hamdi v. Rumsfeld, 542 U.S. 507 (2004)"
"17","Stevens, John Paul(Associate Justice)","December 19, 1975","June 29, 2010","Ford, Gerald R.","Branti v. Finkel, 445 U.S. 507 (1980);Chevron, U.S.A., Incorporated v. Natural Resources Defense Council, Incorporated, 467 U.S. 837 (1984);Wallace v. Jaffree, 472 U.S. 38 (1985);Cotton Petroleum Corporation v. New Mexico, 490 U.S. 163 (1989);U.S. Term Limits, Incorporated v. Thornton, 514 U.S. 779 (1995);Clinton v. Jones, 520 U.S. 681 (1997);Clinton v. City of New York, 524 U.S. 417 (1998);Saenz v. Roe, 526 U.S. 489 (1999);Rasul v. Bush, 542 U.S. 466 (2004);Massachusetts v. EPA, 549 U.S. 497 (2007);"
"18","Powell, Lewis F.(Associate Justice)","January 7, 1972","June 26, 1987","Nixon, Richard M.","Branzburg v. Hayes, 408 U.S. 665 (1972) (concurring);San Antonio Independent School District v. Rodriguez, 411 U.S. 1 (1973);Gagnon v. Scarpelli, 411 U.S. 778 (1973);Mathews v. Eldridge, 424 U.S. 319 (1976);Village of Arlington Heights v. Metropolitan Housing Development Corporation, 429 U.S. 252 (1977);First National Bank of Boston v. Bellotti, 435 U.S. 765 (1978);Regents of University. of California v. Bakke, 438 U.S. 265 (1978) (separate opinion);Central Hudson Gas and Electric Corporation v. Public Services Commission, 447 U.S. 557 (1980);Rhodes v. Chapman, 452 U.S. 337 (1981);Youngberg v. Romeo, 457 U.S. 307 (1982);Batson v. Kentucky, 476 U.S. 79 (1986)"
"19","Rehnquist, William H.(Associate Justice)","January 7, 1972","September 26, 1986","Nixon, Richard M.","Mount Healthy City School District Board of Education v. Doyle, 429 U.S. 274 (1977);Oliphant v. Suquamish Indian Tribe, 435 U.S. 191 (1978);Bell v. Wolfish, 441 U.S. 520 (1979)"
"20","Blackmun, Harry A.(Associate Justice)","June 9, 1970","August 3, 1994","Nixon, Richard M.","Wyman v. James, 400 U.S. 309 (1971);Roe v. Wade, 410 U.S. 113 (1973);Sugarman v. Dougall, 413 U.S. 634 (1973);Virginia State Board of Pharmacy v. Virginia Citizens Consumer Council, Incorporated, 425 U.S. 748 (1976);Bellotti v. Baird, 428 U.S. 132 (1976);Bates v. State Bar, 433 U.S. 350 (1977);Colautti v. Franklin, 439 U.S. 379 (1979);Ohio v. Roberts, 448 U.S. 56 (1980);Garcia v. San Antonio Metropolitan Transit Authority, 469 U.S. 528 (1985);Mistretta v. United States, 488 U.S. 361 (1989);"
"21","Burger, Warren E.(Chief Justice)","June 23, 1969","September 26, 1986","Nixon, Richard M.","Griggs v. Duke Power Co., 401 U.S. 424 (1971);Swann v. Charlotte-Mecklenburg Board of Education, 402 U.S. 1 (1971);Lemon v. Kurtzman, 403 U.S. 602 (1971);Reed v. Reed, 404 U.S. 71 (1971);Wisconsin v. Yoder, 406 U.S. 205 (1972);Miller v. California, 413 U.S. 15 (1973);United States v. Nixon, 418 U.S. 683 (1974);Milliken v. Bradley, 433 U.S. 267 (1977);Parham v. J. R., 442 U.S. 584 (1979);I.N.S. v. Chadha, 462 U.S. 919 (1983);Bowsher v. Synar, 478 U.S. 714 (1986)"
"22","Marshall, Thurgood(Associate Justice)","October 2, 1967","October 1, 1991","Johnson, Lyndon B.","Pickering v. Board of Education, 391 U.S. 563 (1968);Stanley v. Georgia, 394 U.S. 557 (1969);Furman v. Georgia, 408 U.S. 238 (1972) (separate opinion);San Antonio Independent School District v. Rodriguez, 411 U.S. 1(1973) (dissenting);Hill v. Stone, 421 U.S. 289 (1975);Estelle v. Gamble, 429 U.S. 97 (1976);Bounds v. Smith, 430 U.S. 817 (1977);Shaffer v. Heitner, 433 U.S. 186 (1977);Zablocki v. Redhail, 434 U.S. 374 (1978);Santa Clara Pueblo v. Martinez, 436 U.S. 49 (1978);Kulko v. Superior Court of California In and For City and City of San Francisco, 436 U.S. 84 (1978)"
"23","Fortas, Abraham(Associate Justice)","October 4, 1965","May 14, 1969","Johnson, Lyndon B.","In re Gault, 387 U.S. 1 (1967);Epperson v. Arkansas, 393 U.S. 97 (1968);Johnson v. Avery, 393 U.S. 483 (1969);Tinker v. Des Moines Independent Community School District, 393 U.S. 503 (1969)"
"24","Goldberg, Arthur J.(Associate Justice)","October 1, 1962","July 26, 1965","Kennedy, John F.","Gibson v. Florida Legislative Investigation Commission, 372 U.S. 539 (1963);Escobedo v. Illinois, 378 U.S. 478 (1964);Griswold v. Connecticut, 381 U.S. 479 (1965) (concurring)"
"25","White, Byron R.(Associate Justice)","April 16, 1962","June 28, 1993","Kennedy, John F.","Duncan v. Louisiana, 391 U.S. 145 (1968);Stanley v. Illinois, 405 U.S. 645 (1972);Broadrick v. Oklahoma, 413 U.S. 601 (1973);Goss v. Lopez, 419 U.S. 565 (1975);Washington v. Davis, 426 U.S. 229 (1976);World-Wide Volkswagen Corporation v. Woodson, 444 U.S. 286 (1980);Connick v. Myers, 461 U.S. 138 (1983);City of Cleburne v. Cleburne Living Trust, 473 U.S. 432 (1985);Bowers v. Hardwick, 478 U.S. 186 (1986);Bowsher v. Synar, 478 U.S. 714 (1986) (dissenting)"
"26","Stewart, Potter(Associate Justice)","October 14, 1958","July 3, 1981","Eisenhower, Dwight D.","Bates v. City of Little Rock, 361 U.S. 516 (1960);Chimel v. California, 395 U.S. 752 (1969);Fuentes v. Shevin, 407 U.S. 67 (1972);Sierra Club v. Morton, 405 U.S. 727 (1972);Board of Regents of State Colleges v. Roth, 408 U.S. 564 (1972);Faretta v. California, 422 U.S. 806 (1975);Gregg v. Georgia, 428 U.S. 153 (1976);Abood v. Detroit Board of Education, 431 U.S. 209 (1977)"
"27","Whittaker, Charles E.(Associate Justice)","March 25, 1957","March 31, 1962","Eisenhower, Dwight D.","Staub v. City of Baxley, 355 U.S. 313 (1958);Draper v. United States, 358 U.S. 307 (1959)"
"28","Brennan, William J.(Associate Justice)","October 16, 1956","July 20, 1990","Eisenhower, Dwight D.","Baker v. Carr, 369 U.S. 186 (1962);NAACP v. Button, 371 U.S. 415 (1963);New York Times Co. v. Sullivan, 376 U.S. 254 (1964);Shapiro v. Thompson, 394 U.S. 618 (1969);Goldberg v. Kelly, 397 U.S. 254 (1970);Eisenstadt v. Baird, 405 U.S. 438 (1972);Craig v. Boren, 429 U.S. 190 (1976);Monell v. Department of Social Services, 436 U.S. 658 (1978);Penn Central Transporation Co. v. City of New York, 438 U.S. 104 (1978);Plyler v. Doe, 457 U.S. 202 (1982);Texas v. Johnson, 491 U.S. 397 (1989)"
"29","Harlan, John M. II(Associate Justice)","March 28, 1955","September 23, 1971","Eisenhower, Dwight D.","Yates v. United States, 354 U.S. 298 (1957);Barenblatt v. United States, 360 U.S. 109 (1959);Flemming v. Nestor, 363 U.S. 603 (1960);Konigsberg v. State Bar, 366 U.S. 36 (1961);Scales v. United States, 367 U.S. 203 (1961);Noto v. United States, 367 U.S. 290 (1961);Maryland v. Wirtz, 392 U.S. 183 (1968);Rosado v. Wyman, 397 U.S. 397 (1970);Boddie v. Connecticut, 401 U.S. 371 (1971);Cohen v. California, 403 U.S. 15 (1971)"
"30","Warren, Earl(Chief Justice)","October 5, 1953","June 23, 1969","Eisenhower, Dwight D.","Bolling v. Sharpe, 347 U.S. 497 (1954);Brown v. Board of Education of Topeka, 347 U.S. 483 (1954);Gregory v. City of Chicago, 394 U.S. 111 (1969);Hernandez v. Texas, 347 U.S. 475 (1954);Loving v. Virginia, 388 U.S. 1 (1967);Miranda v. Arizona, 384 U.S. 436 (1966);Reynolds v. Sims, 377 U.S. 533 (1964);Terry v. Ohio, 392 U.S. 1 (1968);United States v. O'Brien, 391 U.S. 367 (1968);Zemel v. Rusk, 381 U.S. 1 (1965)"
"31","Minton, Sherman(Associate Justice)","October 12, 1949","October 15, 1956","Truman, Harry S.","Adler v. Board of Education, 342 U.S. 485 (1952);Dennis v. United States, 339 U.S. 162 (1950);United States ex rel. Knauff v. Shaughnessy, 338 U.S. 537 (1950)"
"32","Clark, Tom C.(Associate Justice)","August 24, 1949","June 12, 1967","Truman, Harry S.","Dean Milk Co. v. City of Madison, 340 U.S. 349 (1951);Reid v. Covert, 351 U.S. 487 (1956), on reh'g, 354 U.S. 1 (1957);Uphaus v. Wyman, 360 U.S. 72 (1959);Burton v. Wilmington Parking Authority, 365 U.S. 715 (1961);Mapp v. Ohio, 367 U.S. 643 (1961);Goss v. Board of Education, 373 U.S. 683 (1963);School District v. Schempp, 374 U.S. 203 (1963);Katzenbach v. McClung, 379 U.S. 294 (1964);United States v. Seeger, 380 U.S. 163 (1965)"
"33","Vinson, Fred M.(Chief Justice)","June 24, 1946","September 8, 1953","Truman, Harry S.","Shelley v. Kraemer, 334 U.S. 1 (1948);Hurd v. Hodge, 334 U.S. 24 (1948);American Communications Association. v. Douds, 339 U.S. 382 (1950);McLaurin v. Oklahoma State Regents for Higher Education, 339 U.S. 637 (1950);Feiner v. New York, 340 U.S. 315 (1951)"
"34","Burton, Harold H.(Associate Justice)","October 1, 1945","October 13, 1958","Truman, Harry S.","Duncan v. Kahanamoku, 327 U.S. 304 (1946) (dissenting);State of Louisiana ex rel. Francis v. Resweber, 329 U.S. 459 (1947);Perkins v. Benguet Consolidated Mining Co., 342 U.S. 437 (1952);Youngstown Sheet & Tube Co. v. Sawyer, 343 U.S. 579 (1952) (concurring);Roviaro v. United States, 353 U.S. 53 (1957)"
"35","Rutledge, Wiley B.(Associate Justice)","February 15, 1943","September 10, 1949","Roosevelt, Franklin Delano","Prince v. Massachusetts, 321 U.S. 158 (1944);Thomas v. Collins, 323 U.S. 516 (1945);Prudential Institute Co. v. Benjamin, 328 U.S. 408 (1946);Frazier v. United States, 335 U.S. 497 (1948)"
"36","Jackson, Robert H.(Associate Justice)","July 11, 1941","October 9, 1954","Roosevelt, Franklin Delano","Wickard v. Filburn, 317 U.S. 111 (1942);West Virginia State Board of Education v. Barnette, 319 U.S. 624 (1943);Mullane v. Central Hanover Bank and Trust Co., 339 U.S. 306 (1950);Johnson v. Eisentrager, 339 U.S. 763 (1950);Doremus v. Board of Education, 342 U.S. 429 (1952);Harisiades v. Shaughnessy, 342 U.S. 580 (1952);Youngstown Sheet & Tube Co. v. Sawyer, 343 U.S. 579, 634 (1952) (concurring)"
"37","Byrnes, James F.(Associate Justice)","July 8, 1941","October 3, 1942","Roosevelt, Franklin Delano","Edwards v. California, 314 U.S. 160 (1941);Taylor v. Georgia, 315 U.S. 25 (1942);Sioux Tribe of Indians v. United States, 316 U.S. 317 (1942);Ward v. Texas, 316 U.S. 547 (1942)"
"38","Stone, Harlan Fiske(Chief Justice)","July 3, 1941","April 22, 1946","Roosevelt, Franklin Delano","Ex parte Quirin, 317 U.S. 1 (1942);Hirabayashi v. United States, 320 U.S. 81 (1943);South Pacific Co. v. Arizona, 325 U.S. 761 (1945);International Shoe Co. v. Washington, 326 U.S. 310 (1945)"
"39","Murphy, Frank(Associate Justice)","February 5, 1940","July 19, 1949","Roosevelt, Franklin Delano","Thornhill v. Alabama, 310 U.S. 88 (1940);Glasser v. United States, 315 U.S. 60 (1942);Chaplinsky v. New Hampshire, 315 U.S. 568 (1942);United States v. White, 322 U.S. 694 (1944);Korematsu v. United States, 323 U.S. 214 (1944) (dissenting)"
"40","Douglas, William O.(Associate Justice)","April 17, 1939","November 12, 1975","Roosevelt, Franklin Delano","Skinner v. Oklahoma ex rel. Williamson, 316 U.S. 535 (1942);Railway Express Agency v. People of State of New York, 336 U.S. 106 (1949);Berman v. Parker, 348 U.S. 26 (1954);Bibb v. Navajo Freight Lines, Incorporated, 359 U.S. 520 (1959);Douglas v. California, 372 U.S. 353 (1963);Griswold v. Connecticut, 381 U.S. 479 (1965);Harper v. Virginia State Board of Elections, 383 U.S. 663 (1966);Menominee Tribe of Indians v. United States, 391 U.S. 404 (1968);Sniadach v. Family Financial Corporation of Bay View, 395 U.S. 337 (1969);Argersinger v. Hamlin, 407 U.S. 25 (1972);Village of Belle Terre v. Boraas, 416 U.S. 1 (1974)"
"41","Frankfurter, Felix(Associate Justice)","January 30, 1939","August 28, 1962","Roosevelt, Franklin Delano","Minersville School District v. Gobitis, 310 U.S. 586 (1940);Wolf v. Colorado, 338 U.S. 25 (1949);Dennis v. United States, 339 U.S. 162 (1950) (dissenting);Rochin v. California, 342 U.S. 165 (1952);Adler v. Board of Education, 342 U.S. 485 (1952) (dissenting);Beauharnais v. Illinois, 343 U.S. 250 (1952);Youngstown Sheet & Tube Co. v. Sawyer, 343 U.S. 579 (1952) (concurring);Kingsley Books, Incorporated v. Brown, 354 U.S. 436 (1957);Gomillion v. Lightfoot, 364 U.S. 339 (1960)"
"42","Reed, Stanley F.(Associate Justice)","January 31, 1938","February 25, 1957","Roosevelt, Franklin Delano","United States v. Rock Royal Co-operative, Incorporated, 307 U.S. 533 (1939); H.P. Hood and Sons v. United States, 307 U.S. 588 (1939);Louisiana ex rel. Francis v. Resweber, 329 U.S. 459 (1947);Illinois ex rel. McCollum v. Board of Education, 333 U.S. 203 (1948) (dissenting);Winters v. New York, 333 U.S. 507 (1948);Kovacs v. Cooper, 336 U.S. 77 (1949);Poulos  v. New Hampshire, 345 U.S. 395 (1953)"
"43","Black, Hugo L.(Associate Justice)","August 19, 1937","September 17, 1971","Roosevelt, Franklin Delano","Hines v. Davidowitz, 312 U.S. 52 (1941);Bridges v. California, 314 U.S. 252 (1941);Korematsu v. United States, 323 U.S. 214 (1944);Everson v. Board of Education of the Township of Ewing, 330 U.S. 1 (1947);Dennis v. United States, 341 U.S. 494 (1951) (dissenting);Youngstown Sheet & Tube Co. v. Sawyer, 343 U.S. 579 (1952);Engel v. Vitale, 370 U.S. 421 (1962);Gideon v. Wainwright, 372 U.S. 335 (1963);Griffin v. County School Board, 377 U.S. 218 (1964);Pointer v. Texas, 380 U.S. 400 (1965);Griswold v. Connecticut, 381 U.S. 479 (1965) (dissenting)"
"44","Cardozo, Benjamin N.(Associate Justice)","March 14, 1932","July 9, 1938","Hoover, Herbert C.","Carter v. Carter Coal Co., 298 U.S. 238, 324 (1936) (dissenting);Henneford v. Silas Mason Co. 300 U.S. 577 (1937);Charles C. Steward Machine Co. v. Davis, 301 U.S. 548 (1937);Helvering v. Davis, 301 U.S. 619, 301 U.S. 672 (1937);Palko v. Connecticut, 302 U.S. 319 (1937)"
"45","Roberts, Owen J.(Associate Justice)","June 2, 1930","July 31, 1945","Hoover, Herbert C.","Nebbia v. New York, 291 U.S. 502 (1934);Herndon v. Lowry, 301 U.S. 242 (1937);Hague v. Committee for Industrial Organization, 307 U.S. 496 (1939);Cantwell v. Connecticut, 310 U.S. 296 (1940);Betts v. Brady, 316 U.S. 455 (1942);Korematsu v. United States, 323 U.S. 214 (1944) (dissenting)"
"46","Hughes, Charles E.(Chief Justice)","February 24, 1930","June 30, 1941","Hoover, Herbert C.","Near v. Minnesota ex rel. Olson, 283 U.S. 697 (1931);Home Building and Loan Association v. Blaisdell, 290 U.S. 398 (1934);Ashwander v. Tennessee Valley Authority, 297 U.S. 288 (1936);West Coast Hotel Co. v. Parrish, 300 U.S. 379 (1937);NLRB v. Jones and Laughlin Steel Corporation, 301 U.S. 1 (1937);Missouri ex rel. Gaines v. Canada, 305 U.S. 337 (1938)"
"47","Stone, Harlan Fiske(Associate Justice)","March 2, 1925","July 2, 1941","Coolidge, Calvin","Olmstead v. United States, 277 U.S. 438 (1928) (dissenting);South Carolina State Highway Department v. Barnwell Bros., 303 U.S. 177 (1938);United States  v. Carolene Products Co., 304 U.S. 144 (1938);Minersville School District v. Gobitis, 310 U.S. 586 (1940) (dissenting);Hansberry v. Lee, 311 U.S. 32 (1940);United States v. Darby, 312 U.S. 100 (1941);United States v. Classic, 313 U.S. 299 (1941)"
"48","Sanford, Edward T.(Associate Justice)","February 19, 1923","March 8, 1930","Harding, Warren G.","Gitlow v. New York, 268 U.S. 652 (1925);Wong Tai v. United States, 273 U.S. 77 (1927);Whitney v. California, 274 U.S. 357 (1927);Fiske v. Kansas, 274 U.S. 380 (1927);Pocket Veto Case, 279 U.S. 655 (1929)"
"49","Butler, Pierce(Associate Justice)","January 2, 1923","November 16, 1939","Harding, Warren G.","International Shoe Co. v. Pinkus, 278 U.S. 261 (1929);United States v. Schwimmer, 279 U.S. 644 (1929);Near v. Minnesota, 283 U.S. 697 (1931) (dissenting);Morehead v. New York ex rel. Tipaldo, 298 U.S. 587 (1936);Breedlove v. Suttles, 302 U.S. 277 (1937)"
"50","Sutherland, George A.(Associate Justice)","October 2, 1922","January 17, 1938","Harding, Warren G.","Adkins v. Children's Hospital of District of Columbia, 261 U.S. 525 (1923);Massachusetts v. Mellon, 262 U.S. 447 (1923);Radice v. New York, 264 U.S. 292 (1924);Village of Euclid v. Ambler Realty Co., 272 U.S. 365 (1926);Nectow v. City of Cambridge, 277 U.S. 183 (1928);Blockburger v. United States, 284 U.S. 299 (1932);Humphrey's Executor v. United States, 295 U.S. 602 (1935);United States v. Curtiss-Wright Export Corporation, 299 U.S. 304 (1936);West Coast Hotel Co. v. Parrish, 300 U.S. 379 (1937) (dissenting)"
"51","Taft, William Howard(Chief Justice)","July 11, 1921","February 3, 1930","Harding, Warren G.","Bailey v. Drexel Furniture Co. (Child Labor Tax Case), 259 U.S. 20 (1922);Adkins v. Children's Hospital of District of Columbia, 261 U.S. 525 (1923) (dissenting);Myers v. United States, 272 U.S. 52 (1926);Olmstead v. United States, 277 U.S. 438 (1928)"
"52","Clarke, John H.(Associate Justice)","October 9, 1916","September 18, 1922","Wilson, Woodrow","Abrams v. United States, 250 U.S. 616 (1919);Kwock Jan Fat v. White, 253 U.S. 454 (1920);Amos v. United States, 255 U.S. 313 (1921)"
"53","Brandeis, Louis D.(Associate Justice)","June 5, 1916","February 13, 1939","Wilson, Woodrow","Schaefer v. United States, 251 U.S. 466 (1920);Whitney v. California, 274 U.S. 357, 372 (1927) (concurring);Olmstead v. United States, 277 U.S. 438 (1928) (dissenting);Ashwander v. Tennessee Valley Authority, 297 U.S. 288 (1936) (concurring);Erie Railroad v. Tompkins, 304 U.S. 64 (1938)"
"54","McReynolds, James C.(Associate Justice)","October 12, 1914","January 31, 1941","Wilson, Woodrow","Meyer v. Nebraska, 262 U.S. 390 (1923);Myers v. United States, 264 U.S. 95 (1924);Pierce v. Society of the Sisters of the Holy Names of Jesus and Mary, 268 U.S. 510 (1925);NLRB v. Friedman-Harry Marks Clothing, 301 U.S. 58 (1937) (dissenting);Missouri ex rel. Gaines v. Canada, 305 U.S. 337 (1938) (dissenting)"
"55","Pitney, Mahlon R.(Associate Justice)","March 18, 1912","December 31, 1922","Taft, William Howard","Coppage v. Kansas, 236 U.S. 1 (1915);F.S. Royster Guano Co. v. Virginia, 253 U.S. 412 (1920)"
"56","Van Devanter, Willis(Associate Justice)","January 3, 1911","June 2, 1937","Taft, William Howard","Lindsley v. Natural Carbonic Gas Co., 220 U.S. 61 (1911);Southern Railroad v. United States, 222 U.S. 20 (1911);Grand Trunk Western Railroad v. Railroad Commission of Indiana, 221 U.S. 400 (1911)"
"57","Lamar, Joseph R.(Associate Justice)","January 3, 1911","January 2, 1916","Taft, William Howard","Gompers v. Bucks Stove and Range Co., 221 U.S. 418 (1911);Wadley Southern Railroad v. Georgia, 235 U.S. 651 (1915)"
"58","White, Edward D.(Chief Justice)","December 19, 1910","May 19, 1921","Taft, William Howard","Standard Oil Co. of New Jersey v. United States, 221 U.S. 1 (1911)"
"59","Hughes, Charles E.(Associate Justice)","October 10, 1910","June 10, 1916","Taft, William Howard","Truax v. Raich, 239 U.S. 33 (1915)"
"60","Lurton, Horace H.(Associate Justice)","January 3, 1910","July 12, 1914","Taft, William Howard","Coyle v. Smith, 221 U.S. 559 (1911)"
"61","Moody, William H.(Associate Justice)","December 17, 1906","November 19, 1910","Roosevelt, Theodore","Twining v. New Jersey, 211 U.S. 78 (1908)"
"62","Day, William R.(Associate Justice)","March 2, 1903","November 13, 1922","Roosevelt, Theodore","Muskrat v. United States, 219 U.S. 346 (1911);Caminetti v. United States, 242 U.S. 470 (1917);Hammer v. Dagenhart, 247 U.S. 251 (1918)"
"63","Holmes, Oliver Wendell(Associate Justice)","December 8, 1902","January 12, 1932","Roosevelt, Theodore","Lochner v. New York, 198 U.S. 45 (1905);Schenck v. United States, 249 U.S. 47 (1919);Abrams v. United States, 250 U.S. 616 (1919) (dissenting);Pennsylvania Coal Co. v. Mahon, 260 U.S. 393 (1922);Adkins v. Children's Hospital of District of Columbia, 261 U.S. 525 (1923) (dissenting);Gitlow v. New York, 268 U.S. 652 (1925);Buck v. Bell, 274 U.S. 200 (1927);Olmstead v. United States, 277 U.S. 438 (1928)"
"64","McKenna, Joseph(Associate Justice)","January 26, 1898","January 5, 1925","McKinley, William","Hipolite Egg Co. v. United States, 220 U.S. 45 (1911)"
"65","Peckham, Rufus W.(Associate Justice)","January 6, 1896","October 24, 1909","Cleveland, Grover","Allgeyer v. Louisiana, 165 U.S. 578 (1897);Lochner v. New York, 198 U.S. 45 (1905);Ex parte young, 209 U.S. 123 (1908)"
"66","White, Edward D.(Associate Justice)","March 12, 1894","December 18, 1910","Cleveland, Grover","Lone Wolf v. Hitchcock, 187 U.S. 553 (1903)"
"67","Jackson, Howell E.(Associate Justice)","March 4, 1893","August 8, 1895","Harrison, Benjamin","Pollock v. Farmers’ Loan and Trust Co., 157 U.S. 429 (1895) (dissenting)"
"68","Shiras, George(Associate Justice)","October 10, 1892","February 23, 1903","Harrison, Benjamin","Brass v. North Dakota ex rel. Stoeser, 153 U.S. 391 (1894);Wong Wing v. United States, 163 U.S. 228 (1896);Knoxville Iron Co. v. Harbison, 183 U.S. 13 (1901)"
"69","Brown, Henry B.(Associate Justice)","January 5, 1891","May 28, 1906","Harrison, Benjamin","Plessy v. Ferguson, 163 U.S. 537 (1896)"
"70","Brewer, David J.(Associate Justice)","January 6, 1890","March 28, 1910","Harrison, Benjamin","In re Debs, 158 U.S. 564 (1895);Berea College v. Kentucky, 211 U.S. 45 (1908)"
"71","Fuller, Melville W.(Chief Justice)","October 8, 1888","July 4, 1910","Cleveland, Grover","Leisy v. Hardin, 135 U.S. 100 (1890);United States v. E. C. Knight Co., 156 U.S. 1 (1895);Pollock v. Farmers' Loan and Trust Co., 158 U.S. 601 (1895)"
"72","Lamar, Lucius Q.C.(Associate Justice)","January 18, 1888","January 23, 1893","Cleveland, Grover","In re Neagle, 135 U.S. 1 (1890) (dissenting)"
"73","Blatchford, Samuel M.(Associate Justice)","March 3, 1882","July 7, 1893","Arthur, Chester A.","Chicago, Milwaukee and St. Paul Railroad v. Minnesota, 134 U.S. 418 (1890);Counselman v. Hitchcock, 142 U.S. 547 (1892);Budd v. New York, 143 U.S. 517 (1892)"
"74","Gray, Horace(Associate Justice)","January 9, 1882","September 15, 1902","Arthur, Chester A.","Juilliard v. Greenman, 110 U.S. 421 (1884);Pullman’s Palace Car Co. v. Pennsylvania, 141 U.S. 18 (1891);Logan v. United States, 144 U.S. 263 (1892);Fong Yue Ting v. United States, 149 U.S. 698 (1893);United States v. Wong Kim Ark, 169 U.S. 649 (1898)"
"75","Matthews, T. Stanley(Associate Justice)","May 17, 1881","March 22, 1889","Garfield, James A.","Yick Wo v. Hopkins, 118 U.S. 356 (1886)"
"76","Woods, William B.(Associate Justice)","January 5, 1881","May 14, 1887","Hayes, Rutherford B.","Presser v. Illinois, 116 U.S. 252 (1886)"
"77","Harlan, John M.(Associate Justice)","December 10, 1877","October 14, 1911","Hayes, Rutherford B.","Mugler v. Kansas, 123 U.S. 623 (1887);Hans v. Louisiana, 134 U.S. 1 (1890) (concurrence);United States v. E. C. Knight Co., 156 U.S. 1 (1895) (dissenting);Plessy v. Ferguson, 163 U.S. 537 (1896) (dissenting);Champion v. Ames, 188 U.S. 321 (1903);Jacobson v. Massachusetts, 197 U.S. 11 (1905);Lochner v. New York, 198 U.S. 45 (1905) (dissenting);Adair v. United States, 208 U.S. 161 (1908)"
"78","Waite, Morrison R.(Chief Justice)","March 4, 1874","March 23, 1888","Grant, Ulysses S.","Minor v. Happersett, 88 U.S. 162 (1874);United States v. Cruikshank, 92 U.S. 542 (1875);Ames v. Kansas, 111 U.S. 449 (1884)"
"79","Hunt, Ward(Associate Justice)","January 9, 1873","January 27, 1882","Grant, Ulysses S.","United States v. Railroad, 84 U.S. 322 (1873);United States v. Reese, 92 U.S. 214 (1875) (dissenting)"
"80","Bradley, Joseph P.(Associate Justice)","March 23, 1870","January 22, 1892","Grant, Ulysses S.","Slaughter-House Cases, 83 U.S. (16 Wall.) 36 (1872) (dissenting)"
"81","Strong, William(Associate Justice)","March 14, 1870","December 14, 1880","Grant, Ulysses S.","Strauder v. West Virginia, 100 U.S. 303 (1880)"
"82","Chase, Salmon P.(Chief Justice)","December 15, 1864","May 7, 1873","Lincoln, Abraham","Ex parte McCardle, 74 U.S. (7 Wall.) 506 (1869)"
"83","Field, Stephen J.(Associate Justice)","May 20, 1863","December 1, 1897","Lincoln, Abraham","Paul v. Virginia, 75 U.S. (8 Wall.) 168 (1869);The Daniel Ball, 77 U.S. (10 Wall.) 557 (1871);Slaughter-House Cases, 83 U.S. (16 Wall.) 36 (1872) (dissenting);Totten v. United States, 92 U.S. 105 (1876);Pennoyer v. Neff, 95 U.S. 714 (1878);Strauder v. West Virginia, 100 U.S. 303 (1879) (separate opinion);Mugler v. Kansas, 123 U.S. 623 (1887) (separate opinion);The Chinese Exclusion Case, 130 U.S. 581 (1889)"
"84","Davis, David(Associate Justice)","December 10, 1862","March 4, 1877","Lincoln, Abraham","Ex parte Milligan, 71 U.S. (4 Wall.) 2 (1866)"
"85","Miller, Samuel F.(Associate Justice)","July 21, 1862","October 13, 1890","Lincoln, Abraham","Crandall v. Nevada, 73 U.S. (6 Wall.) 35 (1868);Slaughter-House Cases, 83 U.S. (16 Wall.) 36 (1872);Bradwell v. Illinois, 83 U.S. (16 Wall.) 130 (1873);Loan Association v. Topeka, 87 U.S. (20 Wall.) 655 (1875)"
"86","Swayne, Noah H.(Associate Justice)","January 27, 1862","January 24, 1881","Lincoln, Abraham","Slaughter-House Cases, 83 U.S. (16 Wall.) 36 (1872) (dissenting)"
"87","Clifford, Nathan(Associate Justice)","January 21, 1858","July 25, 1881","Buchanan, James","Ward v. Maryland, 79 U.S. (12 Wall.) 418 (1870);United States v. Cruikshank, 92 U.S. 542 (1875) (dissenting)"
"88","Campbell, John A.(Associate Justice)","April 11, 1853","April 30, 1861","Pierce, Franklin","Scott v. Sandford, 60 U.S. (19 How.) 393 (1857) (separate opinion)"
"89","Curtis, Benjamin R.(Associate Justice)","October 10, 1851","September 30, 1857","Fillmore, Millard","Cooley v. Board of Wardens, 53 U.S. (12 How.) 299 (1851);Scott v. Sandford, 60 U.S. (19 How.) 393 (1857) (dissenting)"
"90","Grier, Robert C.(Associate Justice)","August 10, 1846","January 31, 1870","Polk, James K.","Scott v. Sandford, 60 U.S. (19 How.) 393 (1857) (separate opinion);The Amy Warwick, 67 U.S. 635 (1862)"
"91","Woodbury, Levi(Associate Justice)","September 23, 1845","September 4, 1851","Polk, James K.","Jones v. Van Zandt, 46 U.S. 215 (1847);Cook v. Moffat and Curtis, 46 U.S. 295 (1847);Waring v. Clarke, 46 U.S. 441 (1847) (dissenting);Smith v. Turner (Passenger Cases), 48 U.S. (7 How.) 283 (1849) (dissenting)"
"92","Nelson, Samuel(Associate Justice)","February 27, 1845","November 28, 1872","Tyler, John","Scott v. Sandford, 60 U.S. (19 How.) 393 (1857) (separate opinion);Prize Cases, 67 U.S. 635 (1862) (dissenting)"
"93","Daniel, Peter V.(Associate Justice)","January 10, 1842","May 31, 1860","Van Buren, Martin","Scott v. Sandford, 60 U.S. (19 How.) 393 (1857) (separate opinion)"
"94","McKinley, John(Associate Justice)","January 9, 1838","July 19, 1852","Van Buren, Martin","United States v. Fitzgerald, 40 U.S. 407 (1841);Pollard’s Lessee v. Hagan, 44 U.S. 212 (1845)"
"95","Catron, John(Associate Justice)","May 1, 1837","May 30, 1865","Jackson, Andrew","Scott v. Sandford, 60 U.S. (19 How.) 393 (1857) (separate opinion)"
"96","Barbour, Philip P.(Associate Justice)","May 12, 1836","February 25, 1841","Jackson, Andrew","New York v. Miln, 36 U.S. (11 Pet.) 102 (1837);Kendall v. United States ex rel. Stokes, 37 U.S. (12 Pet.) 524 (1838) (concurring in part and dissenting in part);Holmes v. Jennison, 39 U.S. (14 Pet.) 540 (1840) (concurring)"
"97","Taney, Roger B.(Chief Justice)","March 28, 1836","October 12, 1864","Jackson, Andrew","Prigg v. Pennsylvania, 41 U.S. (16 Pet.) 539 (1842) (separate opinion);Luther v. Borden, 48 U.S. (7 How.) 1 (1849);Scott v. Sandford, 60 U.S. (19 How.) 393 (1857)"
"98","Wayne, James M.(Associate Justice)","January 14, 1835","July 5, 1867","Jackson, Andrew","Scott v. Sandford, 60 U.S. (19 How.) 393 (1857) (separate opinion)"
"99","Baldwin, Henry(Associate Justice)","January 18, 1830","April 21, 1844","Jackson, Andrew","Cherokee Nation v. Georgia, 30 U.S. (5 Pet.) 1 (1831) (concurring)Ex Parte Crane, 30 U.S. (5 Pet.) 190 (1831) (dissenting);Rhode Island v. Massachusetts, 37 U.S. (12 Pet.) 657 (1838);Groves v. Slaughter, 40 U.S. (15 Pet.) 449 (1841) (dissenting)"
"100","McLean, John (Associate Justice)","March 12, 1829","April 4, 1861","Jackson, Andrew","Briscoe v. Bank of Commonwealth of Kentucky, 36 U.S. 257 (1837);Pennsylvania v. Wheeling and Belmont Bridge Co., 59 U.S. (18 How.) 421 (1856) (dissenting);Scott v. Sandford, 60 U.S. (19 How.) 393 (1857) (dissenting)"
"101","Trimble, Robert(Associate Justice)","June 16, 1826","August 25, 1828","Adams, John Quincy","Ogden v. Saunders, 25 U.S. (12 Wheat.) 213 (1827) (concurring)"
"102","Thompson, Smith (Associate Justice)","September 1, 1823","December 18, 1843","Monroe, James","Cherokee Nation v. Georgia, 30 U.S. (5 Pet.) 1 (1831) (dissenting)"
"103","Story, Joseph(Associate Justice)","February 3, 1812","September 10, 1845","Madison, James","Martin v. Hunter's Lessee, 14 U.S. (1 Wheat.) 304 (1816);Trustees of Dartmouth College v. Woodward, 17 U.S. 518 (1819);Martin v. Mott, 25 U.S. (12 Wheat.) 19 (1827);The Amistad, 40 U.S. 518 (1841);Swift v. Tyson, 41 U.S. (16 Pet.) 1 (1842)"
"104","Duvall, Gabriel(Associate Justice)","November 23, 1811","January 12, 1835","Madison, James","--"
"105","Todd, Thomas(Associate Justice)","May 4, 1807","February 7, 1826","Jefferson, Thomas","--"
"106","Livingston, Henry Brockholst(Associate Justice)","January 20, 1807","March 18, 1823","Jefferson, Thomas","--"
"107","Johnson, William(Associate Justice)","May 7, 1804","August 4, 1834","Jefferson, Thomas","Gibbons v. Ogden, 22 U.S. (9 Wheat.) 1 (1824);Cherokee Nation v. Georgia, 30 U.S. (5 Pet.) 1 (1831)"
"108","Marshall, John(Chief Justice)","February 4, 1801","July 6, 1835","Adams, John","Marbury v. Madison, 5 U.S. (1 Cr.) 137 (1803);Fletcher v. Peck, 10 U.S. (6 Cr.) 87 (1810);Sturges v. Crowninshield, 17 U.S. (4 Wheat.) 122 (1819);M'Culloch v. Maryland, 17 U.S. 316 (1819);Trustees of Dartmouth College v. Woodward, 17 U.S. 518 (1819);Cohens v. Virginia, 19 U.S. (6 Wheat.) 264 (1821);Willson v. Black-Bird Creek Marsh Co., 27 U.S. 245 (1829);Cherokee Nation v. Georgia, 30 U.S. (5 Pet.) 1 (1831);Worcester v. Georgia, 31 U.S. (6 Pet.) 515 (1832)Barron v. Baltimore, 32 U.S. (7 Pet.) 243 (1833)"
"109","Moore, Alfred(Associate Justice)","April 21, 1800","January 26, 1804","Adams, John","--"
"110","Washington, Bushrod(Associate Justice)","November 9, 1798","November 26, 1829","Adams, John","Ogden v. Saunders, 25 U.S. (12 Wheat.) 213 (1827)"
"111","Ellsworth, Oliver(Chief Justice)","March 8, 1796","December 15, 1800","Washington, George","--"
"112","Chase, Samuel(Associate Justice)","February 4, 1796","June 19, 1811","Washington, George","Ware v. Hylton, 3 U.S. 199 (1796);Calder v. Bull, 3 U.S. (3 Dall.) 386 (1798)"
"113","Rutledge, John(Interim Chief Justice)","August 12, 1795","December 15, 1795","Washington, George","--"
"114","Paterson, William(Associate Justice)","March 11, 1793","September 9, 1806","Washington, George","Ware v. Hylton, 3 U.S. 199 (1796);Calder v. Bull, 3 U.S. (3 Dall.) 386 (1798)"
"115","Johnson, Thomas(Associate Justice)","September 19, 1791","January 16, 1793","Washington, George","--"
"116","Iredell, James(Associate Justice)","May 12, 1790","October 20, 1799","Washington, George","Chisholm v. Georgia, 2 U.S. (2 Dall.) 419 (1793);Calder v. Bull, 3 U.S. (3 Dall.) 386 (1798)"
"117","Rutledge, John(Associate Justice)","February 15, 1790","March 5, 1791","Washington, George","--"
"118","Cushing, William(Associate Justice)","February 2, 1790","September 13, 1810","Washington, George","Chisholm v. Georgia, 2 U.S. (2 Dall.) 419 (1793);Calder v. Bull, 3 U.S. (3 Dall.) 386 (1798)"
"119","Blair, John(Associate Justice)","February 2, 1790","October 25, 1795","Washington, George","Chisholm v. Georgia, 2 U.S. (2 Dall.) 419 (1793)"
"120","Jay, John(Chief Justice)","October 19, 1789","June 29, 1795","Washington, George","Chisholm v. Georgia, 2 U.S. (2 Dall.) 419 (1793)"
"121","Wilson, James(Associate Justice)","October 5, 1789","August 21, 1798","Washington, George","Chisholm v. Georgia, 2 U.S. (2 Dall.) 419 (1793)"